{
  "gps_overlay": {
    "camera_matrix": [
      [
        1228.800048828125,
        0.0,
        1024.0
      ],
      [
        0.0,
        1228.800048828125,
        768.0
      ],
      [
        0.0,
        0.0,
        1.0
      ]
    ],
    "distortion_coeffs": [
      0.10000000149011612,
      0.029999999329447746,
      0.0,
      0.0
    ],
    "calibration_size": [
      2048,
      1536
    ],
    "server_size": [
      2048,
      1536
    ],
    "margin_pixels": 200,
    "corrected_size": [
      2448,
      1936
    ],
    "homography": [
      [
        0.9686171443430749,
        0.15740228907453818,
        0.10683287042982748
      ],
      [
        -0.06124095604196427,
        1.2325035153126243,
        150.2144660428546
      ],
      [
        -5.9277270781796056e-05,
        0.0001433170914445628,
        0.976208977932102
      ]
    ],
    "arena_bounds": {
      "left": 241,
      "top": 448,
      "right": 2489,
      "bottom": 1944
    },
    "grid": {
      "cols": 47,
      "rows": 31,
      "cell_size_px": {
        "x": 48,
        "y": 48
      }
    },
    "real_world": {
      "mm_per_pixel_x": 2.7526555386949925,
      "mm_per_pixel_y": 2.777393310265283,
      "origin_mm": {
        "x": 0,
        "y": 0
      }
    }
  }
}